ARROZ,,,,,familia responsable:,Silvia Sanz,,,,productor:,EL ALCARAVAN José Miguel Bienzobas,,,,,,,,duplicado y envío automático:,No,,,,,,,,,,,,,,,,,,,,,,,,,,,,,,
NO HAY PEDIDO ABIERTO,semestral,,,,teléfono:,620073851,,,,teléfono:,605847469,,,,,,"OBSERVACIONES: Envio gratis a partir de 30 Kg. Por consumo anual de entre 1.000 y 2.999 euros sin IVA, descuento 1%.",,,,,,,,,,,,,,,,,,,,,,,,,,,,,,,,,
,,,,,mail:,1silviasanz@gmail.com,,,,mail:,elalcaravan@arroznavarra.com,,,,,,,,,,,,,,,,,,,,,,,,,,,,,,,,,,,,,,,
CIERRE PEDIDO:,20/05/2022 22:00,,  PEDIDO CERRADO,,,,FECHA de ENTREGA:,por determinar,,,,,,,,,,,enviado al productor:,Sí,,,,,,,,,,,,,,,,,,,,,,,,,,,,,,
piden 12 familias,,,1,2,3,4,5,6,7,8,9,10,11,12,13,14,15,16,17,18,19,20,21,22,23,24,25,26,27,28,29,30,31,32,33,34,35,36,37,38,39,40,41,42,43,44,45,46,47,48
introducido en cuentas en fila: 3008,€/ud.,TOTAL unidades,Álvaro - Irene,Elizabeth - Imanol,Cristina - Ramón,Aitor - Leyre,Monika - Puska,Montse,David - Ana,Lentejo - Amaia,Andoni - Amaia,Carmen - Oskar,Gurutzi - Endika,Sergio - Arantza,Diana - Ciro,Esther - Dani,Mónica - Eduardo,Idoia - Jorge,Beatriz - Juan,Prem - Jairo,Juan Segovia,Alberto - Cristina,Isabel - Josu,Silvia - Iván,,Jorge - Laura,Vanesa - Gaizka,Ioseba - Aurora,Helena - Eneko,Idoia Tirapu,Alicia - Ion,,Silvia Sanz,Guillermo Bea,Amaia - Rafa,María - Jesús,Alfredo - Ana,Marga,,Nerea - Gonzalo,Olaia - Josu,Christian - Paula,Silvia - Mikel,,,,,,,
ARROZ ECO INTEGRAL SEMILARGO 1Kg,"3,39€",4,,,,,,,,,,,,,,,,,3,,,,,,,,,,1,,,,,,,,,,,,,,,,,,,,,
ARROZ ECO INTEGRAL SEMILARGO 5Kg,"16,75€",0,,,,,,,,,,,,,,,,,,,,,,,,,,,,,,,,,,,,,,,,,,,,,,,,
ARROZ ECO SEMI-INTEGRAL SEMILARGO 1 Kg,"3,50€",0,,,,,,,,,,,,,,,,,,,,,,,,,,,,,,,,,,,,,,,,,,,,,,,,
ARROZ ECO SEMI-INTEGRAL SEMILARGO 5 Kg,"17,20€",0,,,,,,,,,,,,,,,,,,,,,,,,,,,,,,,,,,,,,,,,,,,,,,,,
ARROZ ECO SEMILARGO (BLANCO) 1Kg,"3,55€",9,,,,4,2,1,,,,,,,,,,,,,,,,,,,,,,,,,,,,,,,,,,2,,,,,,,,
ARROZ ECO SEMILARGO (BLANCO) 5Kg,"17,50€",1,,,,,,,,,,,,,,,,,,,,,1,,,,,,,,,,,,,,,,,,,,,,,,,,,
ARROZ ECO INTEGRAL REDONDO 1Kg,"3,39€",5,,,,,,,,,,,,,,,,,3,,,,,,,,,,2,,,,,,,,,,,,,,,,,,,,,
ARROZ ECO iNTEGRAL REDONDO 5Kg,"16,70€",2,,,,,,,,2,,,,,,,,,,,,,,,,,,,,,,,,,,,,,,,,,,,,,,,,
ARROZ ECO SEMI INTEGRAL REDONDO 1 Kg,"3,50€",1,,,,,,,,,,,,,,,,,1,,,,,,,,,,,,,,,,,,,,,,,,,,,,,,,
ARROZ ECO SEMI INTEGRAL REDONDO 5 Kg,"17,20€",1,,,,,,,,,1,,,,,,,,,,,,,,,,,,,,,,,,,,,,,,,,,,,,,,,
ARROZ ECO REDONDO (BLANCO) 1 Kg,"3,55€",6,,,,,3,,,,,,,,,,,,,,,,,,,,,,,,,,1,,,,,,,,,2,,,,,,,,
ARROZ ECO REDONDO (BLANCO) 5 Kg,"15,50€",2,,,,,,,,,,1,,,,,,,,,,,1,,,,,,,,,,,,,,,,,,,,,,,,,,,
,,,,,,,,,,,,,,,,,,,,,,,,,,,,,,,,,,,,,,,,,,,,,,,,,,
LENTEJA ECO PARDINA 1Kg,"4,08€",7,,,,2,,,,,,,,,,,,,2,,,,,,,,,,1,,,,2,,,,,,,,,,,,,,,,,
LENTEJA ECO PARDINA 5Kg,"19,60€",3,,,,,,,,,2,1,,,,,,,,,,,,,,,,,,,,,,,,,,,,,,,,,,,,,,
GARBANZO ECO PREDROSILLANO 1 Kg,"4,08€",5,,,,,,,,,,,,,,,,,2,,,,,,,,,,1,,,,2,,,,,,,,,,,,,,,,,
GARBANZO ECO PREDROSILLANO 5 Kg,"19,60€",1,,,,,,,,,,1,,,,,,,,,,,,,,,,,,,,,,,,,,,,,,,,,,,,,,
,,,,,,,,,,,,,,,,,,,,,,,,,,,,,,,,,,,,,,,,,,,,,,,,,,
SALVADO ECO DE ARROZ 1/2Kg,"2,39€",0,,,,,,,,,,,,,,,,,,,,,,,,,,,,,,,,,,,,,,,,,,,,,,,,
SALVADO ECO DE ARROZ 3Kg,"13,74€",0,,,,,,,,,,,,,,,,,,,,,,,,,,,,,,,,,,,,,,,,,,,,,,,,
,,,,,,,,,,,,,,,,,,,,,,,,,,,,,,,,,,,,,,,,,,,,,,,,,,
TRIGO ECO ARAGON-03  1Kg (EN GRANO),"1,27€",2,,,,,,,,,,,,,,,,,,,,,,,,,,,2,,,,,,,,,,,,,,,,,,,,,
TRIGO ECO ARAGON-03  5Kg (EN GRANO),"5,75€",0,,,,,,,,,,,,,,,,,,,,,,,,,,,,,,,,,,,,,,,,,,,,,,,,
TRIGO ECO ESPELTA 1 Kg (EN GRANO),"2,12€",2,,,,,,,,,,,,,,,,,,,,,,,,,,,2,,,,,,,,,,,,,,,,,,,,,
TRIGO ECO ESPELTA 5 Kg (EN GRANO),"10,50€",0,,,,,,,,,,,,,,,,,,,,,,,,,,,,,,,,,,,,,,,,,,,,,,,,
CENTENO ECO GIGANTON 1Kg,"1,23€",2,,,,,,,,,,,,,,,,,,,,,,,,,,,2,,,,,,,,,,,,,,,,,,,,,
CENTENO ECO GIGANTON 5Kg,"5,45€",0,,,,,,,,,,,,,,,,,,,,,,,,,,,,,,,,,,,,,,,,,,,,,,,,
AVENA ECO IVORY 1 Kg (EN GRANO),"1,92€",2,,,,,,,,,,,,,,,,,,,,,,,,,,,2,,,,,,,,,,,,,,,,,,,,,
AVENA ECO IVORY 5 Kg (EN GRANO),"9,10€",0,,,,,,,,,,,,,,,,,,,,,,,,,,,,,,,,,,,,,,,,,,,,,,,,
,,,,,,,,,,,,,,,,,,,,,,,,,,,,,,,,,,,,,,,,,,,,,,,,,,
HARINA ECO INTEGRAL ESPELTA 1 Kg,"3,07€",5,,,,3,,,,,,,,,,,,,1,,,,,,,,,,1,,,,,,,,,,,,,,,,,,,,,
HARINA ECO INTEGRAL ESPELTA 5 Kg,"13,80€",1,,,,,,,,,,1,,,,,,,,,,,,,,,,,,,,,,,,,,,,,,,,,,,,,,
HARINA ECO BLANCA ESPELTA 1Kg,"3,54€",1,,,,,,,,,,,,,,,,,,,,,,,,,,,,,,,,,,,,,,,,1,,,,,,,,
HARINA ECO BLANCA ESPELTA 5Kg,"16,10€",0,,,,,,,,,,,,,,,,,,,,,,,,,,,,,,,,,,,,,,,,,,,,,,,,
HARINA ECO INTEGRAL TRIGO ARAGON 1Kg,"1,56€",5,,,,,2,,,,,,,,,,,,1,,,,,,,,,,1,,,,,,,,,,,,,,1,,,,,,,
HARINA ECO INTEGRAL TRIGO ARAGON 5Kg,"6,95€",1,,,,,,,,,,1,,,,,,,,,,,,,,,,,,,,,,,,,,,,,,,,,,,,,,
HARINA ECO BLANCA TRIGO ARAGON 1Kg,"1,79€",3,,,,,2,,,,,,,,,,,,,,,,,,,,,,,,,,,,,,,,,,,1,,,,,,,,
HARINA ECO BLANCA TRIGO ARAGON 5Kg,"8,00€",1,,,,1,,,,,,,,,,,,,,,,,,,,,,,,,,,,,,,,,,,,,,,,,,,,
HARINA ECO INTEGRAL CENTENO 1Kg,"1,72€",2,,,,2,,,,,,,,,,,,,,,,,,,,,,,,,,,,,,,,,,,,,,,,,,,,
HARINA ECO INTEGRAL CENTENO 5Kg,"6,95€",0,,,,,,,,,,,,,,,,,,,,,,,,,,,,,,,,,,,,,,,,,,,,,,,,
HARINA ECO BLANCA CENTENO 1Kg,"1,94€",0,,,,,,,,,,,,,,,,,,,,,,,,,,,,,,,,,,,,,,,,,,,,,,,,
HARINA ECO BLANCA CENTENO 5Kg,"8,05€",0,,,,,,,,,,,,,,,,,,,,,,,,,,,,,,,,,,,,,,,,,,,,,,,,
,,"391,05 €","0,00 €","0,00 €","0,00 €","43,01 €","24,45 €","3,55 €","0,00 €","33,40 €","56,40 €","75,45 €","0,00 €","0,00 €","0,00 €","0,00 €","0,00 €","0,00 €","44,79 €","0,00 €","0,00 €","0,00 €","33,00 €","0,00 €","0,00 €","0,00 €","0,00 €","0,00 €","36,04 €","0,00 €","0,00 €","0,00 €","19,87 €","0,00 €","0,00 €","0,00 €","0,00 €","0,00 €","0,00 €","0,00 €","0,00 €","19,53 €","1,56 €","0,00 €","0,00 €","0,00 €","0,00 €","0,00 €","0,00 €","0,00 €"
,,,,,,,,,,,,,,,,,,,,,,,,,,,,,,,,,,,,,,,,,,,,,,,,,,
CIERRE PEDIDO:,13/11/2022 22:00,,  PEDIDO CERRADO,,,,FECHA de ENTREGA:,por determinar,,,,,,,,,,,enviado al productor:,Sí,,,,,,,,,,,,,,,,,,,,,,,,,,,,,,
piden 16 familias,,,1,2,3,4,5,6,7,8,9,10,11,12,13,14,15,16,17,18,19,20,21,22,23,24,25,26,27,28,29,30,31,32,33,34,35,36,37,38,39,40,41,42,43,44,45,46,47,48
introducido en cuentas en fila: 3255,€/ud.,TOTAL unidades,Álvaro - Irene,Elizabeth - Imanol,Cristina - Ramón,Aitor - Leyre,Monika - Puska,Montse,David - Ana,Lentejo - Amaia,Andoni - Amaia,Carmen - Oskar,Gurutzi - Endika,Sergio - Arantza,Diana - Ciro,Esther - Dani,Mónica - Eduardo,Idoia - Jorge,Beatriz - Juan,Prem - Jairo,Juan Segovia,Alberto - Cristina,Isabel - Josu,Silvia - Iván,,Jorge - Laura,Vanesa - Gaizka,Ioseba - Aurora,Helena - Eneko,Idoia Tirapu,Alicia - Ion,,Silvia Sanz,Guillermo Bea,Amaia - Rafa,María - Jesús,Alfredo - Ana,Marga,,Nerea - Gonzalo,Olaia - Josu,Christian - Paula,Silvia - Mikel,,,,,,,
ARROZ ECO INTEGRAL SEMILARGO 1Kg,"3,39€",5,,,1,,,,,,,,,,,,,,3,,,,,,,,,,,,,,1,,,,,,,,,,,,,,,,,
ARROZ ECO INTEGRAL SEMILARGO 5Kg,"16,75€",0,,,,,,,,,,,,,,,,,,,,,,,,,,,,,,,,,,,,,,,,,,,,,,,,
ARROZ ECO SEMI-INTEGRAL SEMILARGO 1 Kg,"3,50€",6,,,,,,,6,,,,,,,,,,,,,,,,,,,,,,,,,,,,,,,,,,,,,,,,,
ARROZ ECO SEMI-INTEGRAL SEMILARGO 5 Kg,"17,20€",0,,,,,,,,,,,,,,,,,,,,,,,,,,,,,,,,,,,,,,,,,,,,,,,,
ARROZ ECO SEMILARGO (BLANCO) 1Kg,"3,55€",0,,,,,,,,,,,,,,,,,,,,,,,,,,,,,,,,,,,,,,,,,,,,,,,,
ARROZ ECO SEMILARGO (BLANCO) 5Kg,"17,50€",0,,,,,,,,,,,,,,,,,,,,,,,,,,,,,,,,,,,,,,,,,,,,,,,,
ARROZ ECO INTEGRAL REDONDO 1Kg,"3,39€",4,,,1,,,,,,,,,,,,,,,,,3,,,,,,,,,,,,,,,,,,,,,,,,,,,,
ARROZ ECO iNTEGRAL REDONDO 5Kg,"16,70€",2,,,,,,,,2,,,,,,,,,,,,,,,,,,,,,,,,,,,,,,,,,,,,,,,,
ARROZ ECO SEMI INTEGRAL REDONDO 1 Kg,"3,50€",9,3,,,,,,6,,,,,,,,,,,,,,,,,,,,,,,,,,,,,,,,,,,,,,,,,
ARROZ ECO SEMI INTEGRAL REDONDO 5 Kg,"17,20€",0,,,,,,,,,,,,,,,,,,,,,,,,,,,,,,,,,,,,,,,,,,,,,,,,
ARROZ ECO REDONDO (BLANCO) 1 Kg,"3,55€",5,,,,,,,,,,,,,,,,,,,,,,,,,,,,1,,,1,,,,3,,,,,,,,,,,,,
ARROZ ECO REDONDO (BLANCO) 5 Kg,"17,50€",3,,,,,,,,,,2,,,,,,,,,,,,,,,,,,,,,,,,,,,,1,,,,,,,,,,
ARROZ ECO (ROJO) 1 Kg,"4,60€",6,,,,,,,4,,,,1,,,,,,,,,,,,,,,,,,,,1,,,,,,,,,,,,,,,,,
,,,,,,,,,,,,,,,,,,,,,,,,,,,,,,,,,,,,,,,,,,,,,,,,,,
LENTEJA ECO PARDINA 1Kg,"4,08€",5,,1,1,,,,,,,,,,,,,,,,,,,,,,,,,2,,,1,,,,,,,,,,,,,,,,,
LENTEJA ECO PARDINA 5Kg,"19,60€",2,,,,,,,,,,,1,,,,,,,,,,,,,,,,,,,,,,,,,,,1,,,,,,,,,,
GARBANZO ECO PREDROSILLANO 1 Kg,"4,08€",1,,,,,,,,,,,,,,,,,,,,,,,,,,,,,,,1,,,,,,,,,,,,,,,,,
GARBANZO ECO PREDROSILLANO 5 Kg,"19,60€",0,,,,,,,,,,,,,,,,,,,,,,,,,,,,,,,,,,,,,,,,,,,,,,,,
,,,,,,,,,,,,,,,,,,,,,,,,,,,,,,,,,,,,,,,,,,,,,,,,,,
SALVADO ECO DE ARROZ 1/2Kg,"2,39€",1,,,,,,,,,,,,,,,,,,,,,,,,,,,,,,,1,,,,,,,,,,,,,,,,,
SALVADO ECO DE ARROZ 3Kg,"13,74€",0,,,,,,,,,,,,,,,,,,,,,,,,,,,,,,,,,,,,,,,,,,,,,,,,
,,,,,,,,,,,,,,,,,,,,,,,,,,,,,,,,,,,,,,,,,,,,,,,,,,
TRIGO ECO ARAGON-03  1Kg (EN GRANO),"1,27€",0,,,,,,,,,,,,,,,,,,,,,,,,,,,,,,,,,,,,,,,,,,,,,,,,
TRIGO ECO ARAGON-03  5Kg (EN GRANO),"5,75€",0,,,,,,,,,,,,,,,,,,,,,,,,,,,,,,,,,,,,,,,,,,,,,,,,
TRIGO ECO ESPELTA 1 Kg (EN GRANO),"2,12€",0,,,,,,,,,,,,,,,,,,,,,,,,,,,,,,,,,,,,,,,,,,,,,,,,
TRIGO ECO ESPELTA 5 Kg (EN GRANO),"10,05€",0,,,,,,,,,,,,,,,,,,,,,,,,,,,,,,,,,,,,,,,,,,,,,,,,
CENTENO ECO GIGANTON 1Kg,"1,23€",0,,,,,,,,,,,,,,,,,,,,,,,,,,,,,,,,,,,,,,,,,,,,,,,,
CENTENO ECO GIGANTON 5Kg,"5,45€",0,,,,,,,,,,,,,,,,,,,,,,,,,,,,,,,,,,,,,,,,,,,,,,,,
AVENA ECO IVORY 1 Kg (EN GRANO),"1,92€",3,,1,,,,,,,,,,,,,,,,,,,,,,,,,2,,,,,,,,,,,,,,,,,,,,,
AVENA ECO IVORY 5 Kg (EN GRANO),"9,10€",1,,,,,,,1,,,,,,,,,,,,,,,,,,,,,,,,,,,,,,,,,,,,,,,,,
,,,,,,,,,,,,,,,,,,,,,,,,,,,,,,,,,,,,,,,,,,,,,,,,,,
HARINA ECO INTEGRAL ESPELTA 1 Kg,"3,07€",4,,1,,,,,,,,,,,,,,,,,,,,,,,,,2,,,,1,,,,,,,,,,,,,,,,,
HARINA ECO INTEGRAL ESPELTA 5 Kg,"13,80€",1,,,,,,,,,,,,,,,,,,,,,,,,,,,,,,,,,,,,,,,1,,,,,,,,,
HARINA ECO BLANCA ESPELTA 1Kg,"3,54€",0,,,,,,,,,,,,,,,,,,,,,,,,,,,,,,,,,,,,,,,,,,,,,,,,
HARINA ECO BLANCA ESPELTA 5Kg,"16,10€",0,,,,,,,,,,,,,,,,,,,,,,,,,,,,,,,,,,,,,,,,,,,,,,,,
HARINA ECO INTEGRAL TRIGO ARAGON 1Kg,"1,56€",1,,,,,,,,,,,,,,,,,,,,,,,,,,,,,,,1,,,,,,,,,,,,,,,,,
HARINA ECO INTEGRAL TRIGO ARAGON 5Kg,"6,95€",3,,,,,,,,1,,,,,,,,,,,,,,,,,,,,,,,,,,,,,,1,,,1,,,,,,,
HARINA ECO BLANCA TRIGO ARAGON 1Kg,"1,79€",0,,,,,,,,,,,,,,,,,,,,,,,,,,,,,,,,,,,,,,,,,,,,,,,,
HARINA ECO BLANCA TRIGO ARAGON 5Kg,"8,00€",0,,,,,,,,,,,,,,,,,,,,,,,,,,,,,,,,,,,,,,,,,,,,,,,,
HARINA ECO INTEGRAL CENTENO 1Kg,"1,72€",2,,,,,,,,,,,,,,,,,,,,,,,,,,,2,,,,,,,,,,,,,,,,,,,,,
HARINA ECO INTEGRAL CENTENO 5Kg,"6,95€",0,,,,,,,,,,,,,,,,,,,,,,,,,,,,,,,,,,,,,,,,,,,,,,,,
HARINA ECO BLANCA CENTENO 1Kg,"1,94€",0,,,,,,,,,,,,,,,,,,,,,,,,,,,,,,,,,,,,,,,,,,,,,,,,
HARINA ECO BLANCA CENTENO 5Kg,"8,05€",0,,,,,,,,,,,,,,,,,,,,,,,,,,,,,,,,,,,,,,,,,,,,,,,,
,,"347,12 €","10,50 €","9,07 €","10,86 €","0,00 €","0,00 €","0,00 €","69,50 €","40,35 €","0,00 €","35,00 €","24,20 €","0,00 €","0,00 €","0,00 €","0,00 €","0,00 €","10,17 €","0,00 €","0,00 €","10,17 €","0,00 €","0,00 €","0,00 €","0,00 €","0,00 €","0,00 €","13,42 €","11,71 €","0,00 €","0,00 €","26,72 €","0,00 €","0,00 €","0,00 €","10,65 €","0,00 €","0,00 €","44,05 €","13,80 €","0,00 €","6,95 €","0,00 €","0,00 €","0,00 €","0,00 €","0,00 €","0,00 €","0,00 €"
,,,,,,,,,,,,,,,,,,,,,,,,,,,,,,,,,,,,,,,,,,,,,,,,,,
CIERRE PEDIDO:,22/05/2023 22:00,,  PEDIDO CERRADO,,,,FECHA de ENTREGA:,por determinar,,,,,,,,,,,enviado al productor:,Sí,,,,,,,,,,,,,,,,,,,,,,,,,,,,,,
piden 10 familias,,,1,2,3,4,5,6,7,8,9,10,11,12,13,14,15,16,17,18,19,20,21,22,23,24,25,26,27,28,29,30,31,32,33,34,35,36,37,38,39,40,41,42,43,44,45,46,47,48
introducido en cuentas en fila: 3521,€/ud.,TOTAL unidades,Álvaro - Irene,Elizabeth - Imanol,Cristina - Ramón,Aitor - Leyre,Monika - Puska,Montse,David - Ana,Lentejo - Amaia,Andoni - Amaia,Carmen - Oskar,Gurutzi - Endika,Sergio - Arantza,Diana - Ciro,Esther - Dani,Mónica - Eduardo,Idoia - Jorge,Beatriz - Juan,Prem - Jairo,Juan Segovia,Alberto - Cristina,Isabel - Josu,Silvia - Iván,,Jorge - Laura,Vanesa - Gaizka,Ioseba - Aurora,Helena - Eneko,Idoia Tirapu,Alicia - Ion,,Silvia Sanz,Guillermo Bea,Amaia - Rafa,María - Jesús,Alfredo - Ana,Marga,,Nerea - Gonzalo,Olaia - Josu,Christian - Paula,Silvia - Mikel,,,,,,,
ARROZ ECO INTEGRAL SEMILARGO 1Kg,"3,27€",5,,,,,,,,,,,,,,,,,4,,,,,,,,,,,,,,,,,,,1,,,,,,,,,,,,
ARROZ ECO INTEGRAL SEMILARGO 5Kg,"16,75€",0,,,,,,,,,,,,,,,,,,,,,,,,,,,,,,,,,,,,,,,,,,,,,,,,
ARROZ ECO SEMI-INTEGRAL SEMILARGO 1 Kg,"3,37€",3,,,,,,,,,,,,,,,,,,,,,,,,,,,,,,,,,,,,,,,1,2,,,,,,,,
ARROZ ECO SEMI-INTEGRAL SEMILARGO 5 Kg,"16,59€",1,,,,,,,,,,,,,,,,,,,,,,,,,1,,,,,,,,,,,,,,,,,,,,,,,
ARROZ ECO SEMILARGO (BLANCO) 1Kg,"3,43€",4,,,,,2,,,,,,,,,,,,,,,,,,,,,,,,,,,,,,,,,,,2,,,,,,,,
ARROZ ECO SEMILARGO (BLANCO) 5Kg,"17,50€",0,,,,,,,,,,,,,,,,,,,,,,,,,,,,,,,,,,,,,,,,,,,,,,,,
ARROZ ECO INTEGRAL REDONDO 1Kg,"3,27€",2,,,,,,,,,,,,,,,,,,,,,,,,,,,,,,,,,,,,2,,,,,,,,,,,,
ARROZ ECO iNTEGRAL REDONDO 5Kg,"16,70€",0,,,,,,,,,,,,,,,,,,,,,,,,,,,,,,,,,,,,,,,,,,,,,,,,
ARROZ ECO SEMI INTEGRAL REDONDO 1 Kg,"3,37€",1,,,,,,,,,,,,,,,,,,,,,,,,,,,,,,,,,,,,,,,1,,,,,,,,,
ARROZ ECO SEMI INTEGRAL REDONDO 5 Kg,"16,59€",1,,,,,,,,,1,,,,,,,,,,,,,,,,,,,,,,,,,,,,,,,,,,,,,,,
ARROZ ECO REDONDO (BLANCO) 1 Kg,"3,42€",10,,,,,3,,,,,,,,,,,,,,,,,,,,,,,,,,,,,,4,1,,,,2,,,,,,,,
ARROZ ECO REDONDO (BLANCO) 5 Kg,"16,85€",1,1,,,,,,,,,,,,,,,,,,,,,,,,,,,,,,,,,,,,,,,,,,,,,,,
ARROZ ECO (ROJO) 1 Kg,"4,60€",0,,,,,,,,,,,,,,,,,,,,,,,,,,,,,,,,,,,,,,,,,,,,,,,,
,,,,,,,,,,,,,,,,,,,,,,,,,,,,,,,,,,,,,,,,,,,,,,,,,,
LENTEJA ECO PARDINA 1Kg,"3,94€",3,,,,,,,,,,,,,,,,,,,,,,,,,,,,,,,,,,,1,,,,1,1,,,,,,,,
LENTEJA ECO PARDINA 5Kg,"19,60€",0,,,,,,,,,,,,,,,,,,,,,,,,,,,,,,,,,,,,,,,,,,,,,,,,
GARBANZO ECO PREDROSILLANO 1 Kg,"3,94€",2,,,,,,,,,,,,,,,,,,,,,,,,,,,,,,,,,,,,,,,1,1,,,,,,,,
GARBANZO ECO PREDROSILLANO 5 Kg,"19,60€",0,,,,,,,,,,,,,,,,,,,,,,,,,,,,,,,,,,,,,,,,,,,,,,,,
,,,,,,,,,,,,,,,,,,,,,,,,,,,,,,,,,,,,,,,,,,,,,,,,,,
SALVADO ECO DE ARROZ 1/2Kg,"2,39€",0,,,,,,,,,,,,,,,,,,,,,,,,,,,,,,,,,,,,,,,,,,,,,,,,
SALVADO ECO DE ARROZ 3Kg,"13,74€",0,,,,,,,,,,,,,,,,,,,,,,,,,,,,,,,,,,,,,,,,,,,,,,,,
,,,,,,,,,,,,,,,,,,,,,,,,,,,,,,,,,,,,,,,,,,,,,,,,,,
TRIGO ECO ARAGON-03  1Kg (EN GRANO),"1,27€",0,,,,,,,,,,,,,,,,,,,,,,,,,,,,,,,,,,,,,,,,,,,,,,,,
TRIGO ECO ARAGON-03  5Kg (EN GRANO),"5,75€",0,,,,,,,,,,,,,,,,,,,,,,,,,,,,,,,,,,,,,,,,,,,,,,,,
TRIGO ECO ESPELTA 1 Kg (EN GRANO),"2,12€",0,,,,,,,,,,,,,,,,,,,,,,,,,,,,,,,,,,,,,,,,,,,,,,,,
TRIGO ECO ESPELTA 5 Kg (EN GRANO),"10,05€",0,,,,,,,,,,,,,,,,,,,,,,,,,,,,,,,,,,,,,,,,,,,,,,,,
CENTENO ECO GIGANTON 1Kg,"1,23€",0,,,,,,,,,,,,,,,,,,,,,,,,,,,,,,,,,,,,,,,,,,,,,,,,
CENTENO ECO GIGANTON 5Kg,"5,45€",0,,,,,,,,,,,,,,,,,,,,,,,,,,,,,,,,,,,,,,,,,,,,,,,,
AVENA ECO IVORY 1 Kg (EN GRANO),"1,92€",0,,,,,,,,,,,,,,,,,,,,,,,,,,,,,,,,,,,,,,,,,,,,,,,,
AVENA ECO IVORY 5 Kg (EN GRANO),"9,10€",0,,,,,,,,,,,,,,,,,,,,,,,,,,,,,,,,,,,,,,,,,,,,,,,,
,,,,,,,,,,,,,,,,,,,,,,,,,,,,,,,,,,,,,,,,,,,,,,,,,,
HARINA ECO INTEGRAL ESPELTA 1 Kg,"3,07€",0,,,,,,,,,,,,,,,,,,,,,,,,,,,,,,,,,,,,,,,,,,,,,,,,
HARINA ECO INTEGRAL ESPELTA 5 Kg,"13,25€",1,,,,,,,,,,,,,,,,,,,,,,,,,,,,,,,,,,,,,,,1,,,,,,,,,
HARINA ECO BLANCA ESPELTA 1Kg,"3,54€",0,,,,,,,,,,,,,,,,,,,,,,,,,,,,,,,,,,,,,,,,,,,,,,,,
HARINA ECO BLANCA ESPELTA 5Kg,"16,10€",0,,,,,,,,,,,,,,,,,,,,,,,,,,,,,,,,,,,,,,,,,,,,,,,,
HARINA ECO INTEGRAL TRIGO ARAGON 1Kg,"1,56€",0,,,,,,,,,,,,,,,,,,,,,,,,,,,,,,,,,,,,,,,,,,,,,,,,
HARINA ECO INTEGRAL TRIGO ARAGON 5Kg,"6,70€",2,,,,,,,,,,,,,,,,,,,,,,,,,,,,,,,,,,,,,,,,,2,,,,,,,
HARINA ECO BLANCA TRIGO ARAGON 1Kg,"1,73€",6,,,,,2,,,,,,,,,,,,,,,,,,,,,,,,,,,,,,2,,,,,2,,,,,,,,
HARINA ECO BLANCA TRIGO ARAGON 5Kg,"7,70€",1,,,,,,,,,1,,,,,,,,,,,,,,,,,,,,,,,,,,,,,,,,,,,,,,,
HARINA ECO INTEGRAL CENTENO 1Kg,"1,72€",0,,,,,,,,,,,,,,,,,,,,,,,,,,,,,,,,,,,,,,,,,,,,,,,,
HARINA ECO INTEGRAL CENTENO 5Kg,"6,95€",0,,,,,,,,,,,,,,,,,,,,,,,,,,,,,,,,,,,,,,,,,,,,,,,,
HARINA ECO BLANCA CENTENO 1Kg,"1,94€",0,,,,,,,,,,,,,,,,,,,,,,,,,,,,,,,,,,,,,,,,,,,,,,,,
HARINA ECO BLANCA CENTENO 5Kg,"8,05€",0,,,,,,,,,,,,,,,,,,,,,,,,,,,,,,,,,,,,,,,,,,,,,,,,
,,"198,75 €","16,85 €","0,00 €","0,00 €","0,00 €","20,58 €","0,00 €","0,00 €","0,00 €","24,29 €","0,00 €","0,00 €","0,00 €","0,00 €","0,00 €","0,00 €","0,00 €","13,08 €","0,00 €","0,00 €","0,00 €","0,00 €","0,00 €","0,00 €","0,00 €","16,59 €","0,00 €","0,00 €","0,00 €","0,00 €","0,00 €","0,00 €","0,00 €","0,00 €","0,00 €","21,08 €","13,23 €","0,00 €","0,00 €","27,87 €","31,78 €","13,40 €","0,00 €","0,00 €","0,00 €","0,00 €","0,00 €","0,00 €","0,00 €"
,,,,,,,,,,,,,,,,,,,,,,,,,,,,,,,,,,,,,,,,,,,,,,,,,,
CIERRE PEDIDO:,19/11/2023 22:00,,  PEDIDO CERRADO,,,,FECHA de ENTREGA:,por determinar,,,,,,,,,,,enviado al productor:,Sí,,,,,,,,,,,,,,,,,,,,,,,,,,,,,,
piden 15 familias,,,1,2,3,4,5,6,7,8,9,10,11,12,13,14,15,16,17,18,19,20,21,22,23,24,25,26,27,28,29,30,31,32,33,34,35,36,37,38,39,40,41,42,43,44,45,46,47,48
introducido en cuentas en fila: 3730,€/ud.,TOTAL unidades,Álvaro - Irene,Elizabeth - Imanol,Cristina - Ramón,Aitor - Leyre,Monika - Puska,Montse,David - Ana,Lentejo - Amaia,Andoni - Amaia,Carmen - Oskar,Gurutzi - Endika,Sergio - Arantza,Diana - Ciro,Esther - Dani,Mónica - Eduardo,Idoia - Jorge,Beatriz - Juan,Prem - Jairo,Juan Segovia,Alberto - Cristina,Isabel - Josu,Silvia - Iván,,Jorge - Laura,Vanesa - Gaizka,Ioseba - Aurora,Helena - Eneko,Idoia Tirapu,Alicia - Ion,,Silvia Sanz,Guillermo Bea,Amaia - Rafa,María - Jesús,Alfredo - Ana,Marga,,Nerea - Gonzalo,Olaia - Josu,Christian - Paula,Silvia - Mikel,,,,,,,
ARROZ ECO INTEGRAL SEMILARGO 1Kg,"3,27€",8,,,,2,,,,,,,,,,,,,4,,,,,,,,,,,,,,,,,,,2,,,,,,,,,,,,
ARROZ ECO INTEGRAL SEMILARGO 5Kg,"16,10€",0,,,,,,,,,,,,,,,,,,,,,,,,,,,,,,,,,,,,,,,,,,,,,,,,
ARROZ ECO SEMI-INTEGRAL SEMILARGO 1 Kg,"3,37€",3,,,,,,3,,,,,,,,,,,,,,,,,,,,,,,,,,,,,,,,,,,,,,,,,,
ARROZ ECO SEMI-INTEGRAL SEMILARGO 5 Kg,"16,55€",0,,,,,,,,,,,,,,,,,,,,,,,,,,,,,,,,,,,,,,,,,,,,,,,,
ARROZ ECO SEMILARGO (BLANCO) 1Kg,"3,43€",2,,,,,,,,,,,,,,,,,,,,,,,,,,,,,,,,,,,,,,,,2,,,,,,,,
ARROZ ECO SEMILARGO (BLANCO) 5Kg,"16,85€",0,,,,,,,,,,,,,,,,,,,,,,,,,,,,,,,,,,,,,,,,,,,,,,,,
ARROZ ECO INTEGRAL REDONDO 1Kg,"3,27€",9,,,2,,,3,,,,,,,,,,,,,,,,,,,,,,2,,,,,,,,2,,,,,,,,,,,,
ARROZ ECO INTEGRAL REDONDO 5Kg,"16,10€",2,,,,,,,,2,,,,,,,,,,,,,,,,,,,,,,,,,,,,,,,,,,,,,,,,
ARROZ ECO SEMI INTEGRAL REDONDO 1 Kg,"3,37€",1,,,,,,,,,,,,,,,,,,,,,,,,,,,,,,,,,,,1,,,,,,,,,,,,,
ARROZ ECO SEMI INTEGRAL REDONDO 5 Kg,"16,59€",3,,,,,,,,,3,,,,,,,,,,,,,,,,,,,,,,,,,,,,,,,,,,,,,,,
ARROZ ECO REDONDO (BLANCO) 1 Kg,"3,43€",2,,,,,,,,,,,,,,,,,,,,,,,,,,,,,,,,,,,2,,,,,,,,,,,,,
ARROZ ECO REDONDO (BLANCO) 5 Kg,"16,85€",3,,,,,,,,,,2,,,,,,,,,,,1,,,,,,,,,,,,,,,,,,,,,,,,,,,
ARROZ ECO (ROJO) 1 Kg,"4,44€",0,,,,,,,,,,,,,,,,,,,,,,,,,,,,,,,,,,,,,,,,,,,,,,,,
ARROZ LIDO 1 kg,"1,87€",0,,,,,,,,,,,,,,,,,,,,,,,,,,,,,,,,,,,,,,,,,,,,,,,,
ARROZ LIDO 5 kg,"8,76€",0,,,,,,,,,,,,,,,,,,,,,,,,,,,,,,,,,,,,,,,,,,,,,,,,
ARROZ MARISMA 1 kg,"1,87€",0,,,,,,,,,,,,,,,,,,,,,,,,,,,,,,,,,,,,,,,,,,,,,,,,
ARROZ MARISMA 5 kg,"8,76€",0,,,,,,,,,,,,,,,,,,,,,,,,,,,,,,,,,,,,,,,,,,,,,,,,
ARROZ BOMBA (PAELLAS) 1 kg,"3,97€",7,,,1,,,,,,1,1,,,,,,,1,,,,,,,,,,,,,,1,,,,,2,,,,,,,,,,,,
ARROZ BOMBA (PAELLAS) 5 kg,"17,85€",1,1,,,,,,,,,,,,,,,,,,,,,,,,,,,,,,,,,,,,,,,,,,,,,,,
ARROZ CARNAROLI (RISOTTO) 1 kg,"3,97€",4,,,,,,,,,1,,,,,,,,1,,,,,,,,,,,,,,1,,,,,1,,,,,,,,,,,,
ARROZ CARNAROLI (RISOTTO) 5 kg,"17,33€",0,,,,,,,,,,,,,,,,,,,,,,,,,,,,,,,,,,,,,,,,,,,,,,,,
ARROZ NUOVO MARATELLI (CALDOSOS) 1 kg,"3,18€",2,,,,,,,,,1,,,,,,,,1,,,,,,,,,,,,,,,,,,,,,,,,,,,,,,,
ARROZ NUOVO MARATELLI (CALDOSOS) 5 kg,"12,18€",0,,,,,,,,,,,,,,,,,,,,,,,,,,,,,,,,,,,,,,,,,,,,,,,,
,,0,,,,,,,,,,,,,,,,,,,,,,,,,,,,,,,,,,,,,,,,,,,,,,,,
LENTEJA ECO PARDINA 1Kg,,0,,,,,,,,,,,,,,,,,,,,,,,,,,,,,,,,,,,,,,,,,,,,,,,,
LENTEJA ECO PARDINA 5Kg,,0,,,,,,,,,,,,,,,,,,,,,,,,,,,,,,,,,,,,,,,,,,,,,,,,
GARBANZO ECO PREDROSILLANO 1 Kg,"3,94€",3,,,,1,,,,,,,,,,,,,2,,,,,,,,,,,,,,,,,,,,,,,,,,,,,,,
GARBANZO ECO PREDROSILLANO 5 Kg,"18,89€",1,,,,,,,,,,,,,,,,,,,,,1,,,,,,,,,,,,,,,,,,,,,,,,,,,
,,,,,,,,,,,,,,,,,,,,,,,,,,,,,,,,,,,,,,,,,,,,,,,,,,
SALVADO ECO DE ARROZ 1/2Kg,"2,30€",0,,,,,,,,,,,,,,,,,,,,,,,,,,,,,,,,,,,,,,,,,,,,,,,,
SALVADO ECO DE ARROZ 3Kg,"13,20€",0,,,,,,,,,,,,,,,,,,,,,,,,,,,,,,,,,,,,,,,,,,,,,,,,
,,,,,,,,,,,,,,,,,,,,,,,,,,,,,,,,,,,,,,,,,,,,,,,,,,
TRIGO ECO ARAGON-03  1Kg (EN GRANO),"1,32€",1,,,,,,,,,,,,,,,,,,,,,,,,,,,1,,,,,,,,,,,,,,,,,,,,,
TRIGO ECO ARAGON-03  5Kg (EN GRANO),"5,55€",0,,,,,,,,,,,,,,,,,,,,,,,,,,,,,,,,,,,,,,,,,,,,,,,,
TRIGO ECO ESPELTA 1 Kg (EN GRANO),"2,04€",1,,,,,,,,,,,,,,,,,,,,,,,,,,,1,,,,,,,,,,,,,,,,,,,,,
TRIGO ECO ESPELTA 5 Kg (EN GRANO),"9,65€",0,,,,,,,,,,,,,,,,,,,,,,,,,,,,,,,,,,,,,,,,,,,,,,,,
CENTENO ECO GIGANTON 1Kg,"1,43€",1,,,,,,,,,,,,,,,,,,,,,,,,,,,1,,,,,,,,,,,,,,,,,,,,,
CENTENO ECO GIGANTON 5Kg,"5,25€",0,,,,,,,,,,,,,,,,,,,,,,,,,,,,,,,,,,,,,,,,,,,,,,,,
AVENA ECO IVORY 1 Kg (EN GRANO),"1,85€",2,,,,,,,,,,,,,,,,,,,,,,,,,,,2,,,,,,,,,,,,,,,,,,,,,
AVENA ECO IVORY 5 Kg (EN GRANO),"8,75€",0,,,,,,,,,,,,,,,,,,,,,,,,,,,,,,,,,,,,,,,,,,,,,,,,
,,,,,,,,,,,,,,,,,,,,,,,,,,,,,,,,,,,,,,,,,,,,,,,,,,
HARINA ECO INTEGRAL ESPELTA 1 Kg,"2,95€",3,,,,,,,,,,,,,,,,,,,,,,,,,,,2,,,,,,,,1,,,,,,,,,,,,,
HARINA ECO INTEGRAL ESPELTA 5 Kg,"13,25€",0,,,,,,,,,,,,,,,,,,,,,,,,,,,,,,,,,,,,,,,,,,,,,,,,
HARINA ECO BLANCA ESPELTA 1Kg,"3,40€",2,,,,,,,,,,2,,,,,,,,,,,,,,,,,,,,,,,,,,,,,,,,,,,,,,
HARINA ECO BLANCA ESPELTA 5Kg,"15,50€",0,,,,,,,,,,,,,,,,,,,,,,,,,,,,,,,,,,,,,,,,,,,,,,,,
HARINA ECO INTEGRAL TRIGO ARAGON 1Kg,"1,50€",3,,,,,,,,,,,,,,,,,,,,,,,,,,,2,,,,1,,,,,,,,,,,,,,,,,
HARINA ECO INTEGRAL TRIGO ARAGON 5Kg,"6,70€",1,,,,,,,,1,,,,,,,,,,,,,,,,,,,,,,,,,,,,,,,,,,,,,,,,
HARINA ECO BLANCA TRIGO ARAGON 1Kg,"1,73€",7,,,,1,,,,,,,,,,,,,,,,,,,,,,,,,,,1,,,,3,,,,,2,,,,,,,,
HARINA ECO BLANCA TRIGO ARAGON 5Kg,"7,70€",0,,,,,,,,,,,,,,,,,,,,,,,,,,,,,,,,,,,,,,,,,,,,,,,,
HARINA ECO INTEGRAL CENTENO 1Kg,"1,65€",3,,,,,,,,,,,,,,,,,,,,,,,,,,,2,,,,1,,,,,,,,,,,,,,,,,
HARINA ECO INTEGRAL CENTENO 5Kg,"6,70€",0,,,,,,,,,,,,,,,,,,,,,,,,,,,,,,,,,,,,,,,,,,,,,,,,
HARINA ECO BLANCA CENTENO 1Kg,"1,87€",0,,,,,,,,,,,,,,,,,,,,,,,,,,,,,,,,,,,,,,,,,,,,,,,,
HARINA ECO BLANCA CENTENO 5Kg,"7,75€",0,,,,,,,,,,,,,,,,,,,,,,,,,,,,,,,,,,,,,,,,,,,,,,,,
,,"366,30 €","17,85 €","0,00 €","10,51 €","12,21 €","0,00 €","19,92 €","0,00 €","38,90 €","60,89 €","44,47 €","0,00 €","0,00 €","0,00 €","0,00 €","0,00 €","0,00 €","32,08 €","0,00 €","0,00 €","0,00 €","35,74 €","0,00 €","0,00 €","0,00 €","0,00 €","0,00 €","20,69 €","6,54 €","0,00 €","0,00 €","12,82 €","0,00 €","0,00 €","0,00 €","18,37 €","24,99 €","0,00 €","0,00 €","0,00 €","10,32 €","0,00 €","0,00 €","0,00 €","0,00 €","0,00 €","0,00 €","0,00 €","0,00 €"
,,,,,,,,,,,,,,,,,,,,,,,,,,,,,,,,,,,,,,,,,,,,,,,,,,
CIERRE PEDIDO:,22/05/2024 22:00,,  PEDIDO CERRADO,,,,FECHA de ENTREGA:,por determinar,,,,,,,,,,,enviado al productor:,Sí,,,,,,,,,,,,,,,,,,,,,,,,,,,,,,
piden 13 familias,,,1,2,3,4,5,6,7,8,9,10,11,12,13,14,15,16,17,18,19,20,21,22,23,24,25,26,27,28,29,30,31,32,33,34,35,36,37,38,39,40,41,42,43,44,45,46,47,48
introducido en cuentas en fila: 3978,€/ud.,TOTAL unidades,Álvaro - Irene,Elizabeth - Imanol,Cristina - Ramón,Aitor - Leyre,Monika - Puska,Montse,David - Ana,Lentejo - Amaia,Andoni - Amaia,Carmen - Oskar,Gurutzi - Endika,Sergio - Arantza,Diana - Ciro,Esther - Dani,Mónica - Eduardo,Idoia - Jorge,Beatriz - Juan,Prem - Jairo,Juan Segovia,Alberto - Cristina,Isabel - Josu,Silvia - Iván,,Jorge - Laura,Vanesa - Gaizka,Ioseba - Aurora,Helena - Eneko,Idoia Tirapu,Alicia - Ion,,Silvia Sanz,Guillermo Bea,Amaia - Rafa,María - Jesús,Alfredo - Ana,Marga,,Nerea - Gonzalo,Olaia - Josu,Christian - Paula,Silvia - Mikel,,,,,,,
ARROZ ECO INTEGRAL SEMILARGO 1Kg,"3,26€",8,,,,,,,,,,,,,,,,2,3,1,,,,,,,,,,2,,,,,,,,,,,,,,,,,,,,
ARROZ ECO INTEGRAL SEMILARGO 5Kg,"16,10€",0,,,,,,,,,,,,,,,,,,,,,,,,,,,,,,,,,,,,,,,,,,,,,,,,
ARROZ ECO SEMI-INTEGRAL SEMILARGO 1 Kg,"3,37€",5,,,,,,,,,,,,,,,,,,,,,,,,,3,,,,,,,,,,,,,,1,1,,,,,,,,
ARROZ ECO SEMI-INTEGRAL SEMILARGO 5 Kg,"16,55€",0,,,,,,,,,,,,,,,,,,,,,,,,,,,,,,,,,,,,,,,,,,,,,,,,
ARROZ ECO SEMILARGO (BLANCO) 1Kg,"3,42€",10,,,,,3,,,,,,,,,,,,,,,,,,,,3,,,,,,1,,,,,,,,1,2,,,,,,,,
ARROZ ECO SEMILARGO (BLANCO) 5Kg,"16,85€",0,,,,,,,,,,,,,,,,,,,,,,,,,,,,,,,,,,,,,,,,,,,,,,,,
ARROZ ECO INTEGRAL REDONDO 1Kg,"3,26€",7,,,,,,,2,,,,,,,,,2,3,,,,,,,,,,,,,,,,,,,,,,,,,,,,,,,
ARROZ ECO INTEGRAL REDONDO 5Kg,"16,10€",0,,,,,,,,,,,,,,,,,,,,,,,,,,,,,,,,,,,,,,,,,,,,,,,,
ARROZ ECO SEMI INTEGRAL REDONDO 1 Kg,"3,37€",6,,,,,,,5,,,,,,,,,,,,,,,,,,,,,,,,,,,,,,,,,1,,,,,,,,
ARROZ ECO SEMI INTEGRAL REDONDO 5 Kg,"16,55€",0,,,,,,,,,,,,,,,,,,,,,,,,,,,,,,,,,,,,,,,,,,,,,,,,
ARROZ ECO REDONDO (BLANCO) 1 Kg,"3,43€",13,,,1,,3,,,,,,,,,,,1,,1,,,,,,,,,,,,,1,,,,4,,,,,2,,,,,,,,
ARROZ ECO REDONDO (BLANCO) 5 Kg,"16,85€",0,,,,,,,,,,,,,,,,,,,,,,,,,,,,,,,,,,,,,,,,,,,,,,,,
ARROZ ECO (ROJO) 1 Kg,"4,44€",3,,,,,,,,,,,,,,,,,,,,,,,,,1,,,,,,,,,,1,,,,,1,,,,,,,,
ARROZ LIDO 1 kg,,0,,,,,,,,,,,,,,,,,,,,,,,,,,,,,,,,,,,,,,,,,,,,,,,,
ARROZ LIDO 5 kg,,0,,,,,,,,,,,,,,,,,,,,,,,,,,,,,,,,,,,,,,,,,,,,,,,,
ARROZ MARISMA 1 kg,,0,,,,,,,,,,,,,,,,,,,,,,,,,,,,,,,,,,,,,,,,,,,,,,,,
ARROZ MARISMA 5 kg,,0,,,,,,,,,,,,,,,,,,,,,,,,,,,,,,,,,,,,,,,,,,,,,,,,
ARROZ BOMBA (PAELLAS) 1 kg,,0,,,,,,,,,,,,,,,,,,,,,,,,,,,,,,,,,,,,,,,,,,,,,,,,
ARROZ BOMBA (PAELLAS) 5 kg,,0,,,,,,,,,,,,,,,,,,,,,,,,,,,,,,,,,,,,,,,,,,,,,,,,
ARROZ CARNAROLI (RISOTTO) 1 kg,,0,,,,,,,,,,,,,,,,,,,,,,,,,,,,,,,,,,,,,,,,,,,,,,,,
ARROZ CARNAROLI (RISOTTO) 5 kg,,0,,,,,,,,,,,,,,,,,,,,,,,,,,,,,,,,,,,,,,,,,,,,,,,,
ARROZ NUOVO MARATELLI (CALDOSOS) 1 kg,,0,,,,,,,,,,,,,,,,,,,,,,,,,,,,,,,,,,,,,,,,,,,,,,,,
ARROZ NUOVO MARATELLI (CALDOSOS) 5 kg,,0,,,,,,,,,,,,,,,,,,,,,,,,,,,,,,,,,,,,,,,,,,,,,,,,
,,0,,,,,,,,,,,,,,,,,,,,,,,,,,,,,,,,,,,,,,,,,,,,,,,,
LENTEJA ECO PARDINA 1Kg,,0,,,,,,,,,,,,,,,,,,,,,,,,,,,,,,,,,,,,,,,,,,,,,,,,
LENTEJA ECO PARDINA 5Kg,,0,,,,,,,,,,,,,,,,,,,,,,,,,,,,,,,,,,,,,,,,,,,,,,,,
GARBANZO ECO PREDROSILLANO 1 Kg,"3,94€",7,,,,,,,,,,,,,,,,,2,,,,,,,,1,,3,,,,,,,,,,,,1,,,,,,,,,
GARBANZO ECO PREDROSILLANO 5 Kg,"18,85€",0,,,,,,,,,,,,,,,,,,,,,,,,,,,,,,,,,,,,,,,,,,,,,,,,
,,,,,,,,,,,,,,,,,,,,,,,,,,,,,,,,,,,,,,,,,,,,,,,,,,
SALVADO ECO DE ARROZ 1/2Kg,"2,30€",0,,,,,,,,,,,,,,,,,,,,,,,,,,,,,,,,,,,,,,,,,,,,,,,,
SALVADO ECO DE ARROZ 3Kg,"13,20€",0,,,,,,,,,,,,,,,,,,,,,,,,,,,,,,,,,,,,,,,,,,,,,,,,
,,,,,,,,,,,,,,,,,,,,,,,,,,,,,,,,,,,,,,,,,,,,,,,,,,
TRIGO ECO ARAGON-03  1Kg (EN GRANO),"1,32€",0,,,,,,,,,,,,,,,,,,,,,,,,,,,,,,,,,,,,,,,,,,,,,,,,
TRIGO ECO ARAGON-03  5Kg (EN GRANO),"6,40€",0,,,,,,,,,,,,,,,,,,,,,,,,,,,,,,,,,,,,,,,,,,,,,,,,
TRIGO ECO ESPELTA 1 Kg (EN GRANO),"2,04€",0,,,,,,,,,,,,,,,,,,,,,,,,,,,,,,,,,,,,,,,,,,,,,,,,
TRIGO ECO ESPELTA 5 Kg (EN GRANO),"9,65€",0,,,,,,,,,,,,,,,,,,,,,,,,,,,,,,,,,,,,,,,,,,,,,,,,
CENTENO ECO GIGANTON 1Kg,"1,43€",0,,,,,,,,,,,,,,,,,,,,,,,,,,,,,,,,,,,,,,,,,,,,,,,,
CENTENO ECO GIGANTON 5Kg,"6,90€",0,,,,,,,,,,,,,,,,,,,,,,,,,,,,,,,,,,,,,,,,,,,,,,,,
AVENA ECO IVORY 1 Kg (EN GRANO),"1,85€",0,,,,,,,,,,,,,,,,,,,,,,,,,,,,,,,,,,,,,,,,,,,,,,,,
AVENA ECO IVORY 5 Kg (EN GRANO),"8,75€",0,,,,,,,,,,,,,,,,,,,,,,,,,,,,,,,,,,,,,,,,,,,,,,,,
,,,,,,,,,,,,,,,,,,,,,,,,,,,,,,,,,,,,,,,,,,,,,,,,,,
HARINA ECO INTEGRAL ESPELTA 1 Kg,"2,95€",7,,,,,,,,,,,,,,,,,1,,,,,,,,2,,4,,,,,,,,,,,,,,,,,,,,,
HARINA ECO INTEGRAL ESPELTA 5 Kg,"13,25€",1,,,,,,,1,,,,,,,,,,,,,,,,,,,,,,,,,,,,,,,,,,,,,,,,,
HARINA ECO BLANCA ESPELTA 1Kg,"3,40€",1,,,,,,,,,,,,,,,,,,,,,,,,,,,,,,,,,,,1,,,,,,,,,,,,,
HARINA ECO BLANCA ESPELTA 5Kg,"15,50€",1,,,,,,,,,,,,,,,,,,,,,,,,,,,,,,,,,,,,,,,1,,,,,,,,,
HARINA ECO INTEGRAL TRIGO ARAGON 1Kg,"1,70€",11,,,,,1,,,,,,,,,,,,1,1,,,,,,,4,,4,,,,,,,,,,,,,,,,,,,,,
HARINA ECO INTEGRAL TRIGO ARAGON 5Kg,"6,70€",0,,,,,,,,,,,,,,,,,,,,,,,,,,,,,,,,,,,,,,,,,,,,,,,,
HARINA ECO BLANCA TRIGO ARAGON 1Kg,"1,79€",15,,,,,3,,,,,,,,,,,,,,,,,,,,,,4,,,,2,,,,3,,,,,3,,,,,,,,
HARINA ECO BLANCA TRIGO ARAGON 5Kg,"7,70€",0,,,,,,,,,,,,,,,,,,,,,,,,,,,,,,,,,,,,,,,,,,,,,,,,
HARINA ECO INTEGRAL CENTENO 1Kg,"1,77€",4,,,,,,,,,,,,,,,,,,,,,,,,,,,4,,,,,,,,,,,,,,,,,,,,,
HARINA ECO INTEGRAL CENTENO 5Kg,"6,70€",1,,,,,,,1,,,,,,,,,,,,,,,,,,,,,,,,,,,,,,,,,,,,,,,,,
HARINA ECO BLANCA CENTENO 1Kg,"1,96€",1,,,,,,,,,,,,,,,,,,,,,,,,,,,,,,,,,,,1,,,,,,,,,,,,,
HARINA ECO BLANCA CENTENO 5Kg,"7,75€",0,,,,,,,,,,,,,,,,,,,,,,,,,,,,,,,,,,,,,,,,,,,,,,,,
,,"319,75 €","0,00 €","0,00 €","3,43 €","0,00 €","27,62 €","0,00 €","43,32 €","0,00 €","0,00 €","0,00 €","0,00 €","0,00 €","0,00 €","0,00 €","0,00 €","16,47 €","32,09 €","8,39 €","0,00 €","0,00 €","0,00 €","0,00 €","0,00 €","0,00 €","41,45 €","0,00 €","44,66 €","6,52 €","0,00 €","0,00 €","10,43 €","0,00 €","0,00 €","0,00 €","28,89 €","0,00 €","0,00 €","0,00 €","26,23 €","30,25 €","0,00 €","0,00 €","0,00 €","0,00 €","0,00 €","0,00 €","0,00 €","0,00 €"
,,,,,,,,,,,,,,,,,,,,,,,,,,,,,,,,,,,,,,,,,,,,,,,,,,
CIERRE PEDIDO:,09/12/2024 22:00,,  PEDIDO CERRADO,,,,FECHA de ENTREGA:,por determinar,,,,,,,,,,,enviado al productor:,Sí,,,,,,,,,,,,,,,,,,,,,,,,,,,,,,
piden 14 familias,,,1,2,3,4,5,6,7,8,9,10,11,12,13,14,15,16,17,18,19,20,21,22,23,24,25,26,27,28,29,30,31,32,33,34,35,36,37,38,39,40,41,42,43,44,45,46,47,48
introducido en cuentas en fila: 4227,€/ud.,TOTAL unidades,Álvaro - Irene,Elizabeth - Imanol,Cristina - Ramón,Aitor - Leyre,Monika - Puska,Montse,David - Ana,Lentejo - Amaia,Andoni - Amaia,Carmen - Oskar,Gurutzi - Endika,Sergio - Arantza,Diana - Ciro,Esther - Dani,Mónica - Eduardo,Idoia - Jorge,Beatriz - Juan,Prem - Jairo,Juan Segovia,Alberto - Cristina,Isabel - Josu,Silvia - Iván,,Jorge - Laura,Vanesa - Gaizka,Ioseba - Aurora,Helena - Eneko,Idoia Tirapu,Alicia - Ion,,Silvia Sanz,Guillermo Bea,Amaia - Rafa,María - Jesús,Alfredo - Ana,Marga,,Nerea - Gonzalo,Olaia - Josu,Christian - Paula,Silvia - Mikel,,,,,,,
ARROZ ECO INTEGRAL SEMILARGO 1Kg,"3,33€",11,,,1,2,,,,,,,1,,,,,,5,,,,,,,,,,,1,,,,,,,,1,,,,,,,,,,,,
ARROZ ECO INTEGRAL SEMILARGO 5Kg,"16,40€",0,,,,,,,,,,,,,,,,,,,,,,,,,,,,,,,,,,,,,,,,,,,,,,,,
ARROZ ECO SEMI-INTEGRAL SEMILARGO 1 Kg,"3,44€",0,,,,,,,,,,,,,,,,,,,,,,,,,,,,,,,,,,,,,,,,,,,,,,,,
ARROZ ECO SEMI-INTEGRAL SEMILARGO 5 Kg,"16,90€",0,,,,,,,,,,,,,,,,,,,,,,,,,,,,,,,,,,,,,,,,,,,,,,,,
ARROZ ECO SEMILARGO (BLANCO) 1Kg,"3,49€",8,,,1,3,2,,,,,,,,,,,,,,,,,,,,,,,,,,,,,,,,,,,2,,,,,,,,
ARROZ ECO SEMILARGO (BLANCO) 5Kg,"17,20€",0,,,,,,,,,,,,,,,,,,,,,,,,,,,,,,,,,,,,,,,,,,,,,,,,
ARROZ ECO INTEGRAL REDONDO 1Kg,"3,33€",0,,,,,,,,,,,,,,,,,,,,,,,,,,,,,,,,,,,,,,,,,,,,,,,,
ARROZ ECO INTEGRAL REDONDO 5Kg,"16,40€",2,,,,,,,,1,,,,,,,,,,,,,,,,,,,,,,,,,,,,1,,,,,,,,,,,,
ARROZ ECO SEMI INTEGRAL REDONDO 1 Kg,"3,44€",0,,,,,0,,,,,,,,,,,,,,,,,,,,,,,,,,,,,,,,,,,,,,,,,,,
ARROZ ECO SEMI INTEGRAL REDONDO 5 Kg,"16,90€",2,,,,,,,,,2,,,,,,,,,,,,,,,,,,,,,,,,,,,,,,,,,,,,,,,
ARROZ ECO REDONDO (BLANCO) 1 Kg,"3,49€",8,,,,,3,,,,,2,,,,,,,1,,,,,,,,,,,,,,,,,,,1,,,,1,,,,,,,,
ARROZ ECO REDONDO (BLANCO) 5 Kg,"17,20€",1,,,,,,,,,,,,,,,,,,,,,1,,,,,,,,,,,,,,,,,,,,,,,,,,,
ARROZ ECO (ROJO) 1 Kg,"4,53€",3,,,,,1,,,,1,1,,,,,,,,,,,,,,,,,,,,,,,,,,,,,,,,,,,,,,
ARROZ LIDO 1 kg,,0,,,,,,,,,,,,,,,,,,,,,,,,,,,,,,,,,,,,,,,,,,,,,,,,
ARROZ LIDO 5 kg,,0,,,,,,,,,,,,,,,,,,,,,,,,,,,,,,,,,,,,,,,,,,,,,,,,
ARROZ MARISMA 1 kg,,0,,,,,,,,,,,,,,,,,,,,,,,,,,,,,,,,,,,,,,,,,,,,,,,,
ARROZ MARISMA 5 kg,,0,,,,,,,,,,,,,,,,,,,,,,,,,,,,,,,,,,,,,,,,,,,,,,,,
ARROZ BOMBA (PAELLAS) 1 kg,,0,,,,,,,,,,,,,,,,,,,,,,,,,,,,,,,,,,,,,,,,,,,,,,,,
ARROZ BOMBA (PAELLAS) 5 kg,,0,,,,,,,,,,,,,,,,,,,,,,,,,,,,,,,,,,,,,,,,,,,,,,,,
ARROZ CARNAROLI (RISOTTO) 1 kg,,0,,,,,,,,,,,,,,,,,,,,,,,,,,,,,,,,,,,,,,,,,,,,,,,,
ARROZ CARNAROLI (RISOTTO) 5 kg,,0,,,,,,,,,,,,,,,,,,,,,,,,,,,,,,,,,,,,,,,,,,,,,,,,
ARROZ NUOVO MARATELLI (CALDOSOS) 1 kg,,0,,,,,,,,,,,,,,,,,,,,,,,,,,,,,,,,,,,,,,,,,,,,,,,,
ARROZ NUOVO MARATELLI (CALDOSOS) 5 kg,,0,,,,,,,,,,,,,,,,,,,,,,,,,,,,,,,,,,,,,,,,,,,,,,,,
,,0,,,,,,,,,,,,,,,,,,,,,,,,,,,,,,,,,,,,,,,,,,,,,,,,
LENTEJA ECO PARDINA 1Kg,"4,20€",4,,,,,,,,,,,,,,,,,1,,,,3,,,,,,,,,,,,,,,,,,,,,,,,,,,
LENTEJA ECO PARDINA 5Kg,"20,20€",2,,,,,,,,,2,,,,,,,,,,,,,,,,,,,,,,,,,,,,,,,,,,,,,,,
GARBANZO ECO PREDROSILLANO 1 Kg,"4,01€",4,,,,,,,,,,,,,,,,,1,,,,3,,,,,,,,,,,,,,,,,,,,,,,,,,,
GARBANZO ECO PREDROSILLANO 5 Kg,"19,25€",0,,,,,,,,,,,,,,,,,,,,,,,,,,,,,,,,,,,,,,,,,,,,,,,,
,,,,,,,,,,,,,,,,,,,,,,,,,,,,,,,,,,,,,,,,,,,,,,,,,,
SALVADO ECO DE ARROZ 1/2Kg,"2,35€",0,,,,,,,,,,,,,,,,,,,,,,,,,,,,,,,,,,,,,,,,,,,,,,,,
SALVADO ECO DE ARROZ 3Kg,"13,47€",0,,,,,,,,,,,,,,,,,,,,,,,,,,,,,,,,,,,,,,,,,,,,,,,,
,,,,,,,,,,,,,,,,,,,,,,,,,,,,,,,,,,,,,,,,,,,,,,,,,,
TRIGO ECO ARAGON-03  1Kg (EN GRANO),"1,35€",0,,,,,,,,,,,,,,,,,,,,,,,,,,,,,,,,,,,,,,,,,,,,,,,,
TRIGO ECO ARAGON-03  5Kg (EN GRANO),"6,55€",0,,,,,,,,,,,,,,,,,,,,,,,,,,,,,,,,,,,,,,,,,,,,,,,,
TRIGO ECO ESPELTA 1 Kg (EN GRANO),"2,08€",0,,,,,,,,,,,,,,,,,,,,,,,,,,,,,,,,,,,,,,,,,,,,,,,,
TRIGO ECO ESPELTA 5 Kg (EN GRANO),"9,85€",0,,,,,,,,,,,,,,,,,,,,,,,,,,,,,,,,,,,,,,,,,,,,,,,,
CENTENO ECO GIGANTON 1Kg,"1,46€",0,,,,,,,,,,,,,,,,,,,,,,,,,,,,,,,,,,,,,,,,,,,,,,,,
CENTENO ECO GIGANTON 5Kg,"7,05€",0,,,,,,,,,,,,,,,,,,,,,,,,,,,,,,,,,,,,,,,,,,,,,,,,
AVENA ECO IVORY 1 Kg (EN GRANO),"1,89€",0,,,,,,,,,,,,,,,,,,,,,,,,,,,,,,,,,,,,,,,,,,,,,,,,
AVENA ECO IVORY 5 Kg (EN GRANO),"8,95€",0,,,,,,,,,,,,,,,,,,,,,,,,,,,,,,,,,,,,,,,,,,,,,,,,
,,,,,,,,,,,,,,,,,,,,,,,,,,,,,,,,,,,,,,,,,,,,,,,,,,
HARINA ECO INTEGRAL ESPELTA 1 Kg,"3,01€",5,,,,,,,,,,3,,,,,,,1,,,,,,,,,,,,,,,,,,,1,,,,,,,,,,,,
HARINA ECO INTEGRAL ESPELTA 5 Kg,"13,50€",0,,,,,,,,,,,,,,,,,,,,,,,,,,,,,,,,,,,,,,,,,,,,,,,,
HARINA ECO BLANCA ESPELTA 1Kg,"3,47€",1,,,,,,,,,,,,,,,,,,,,,,,,,,,,,,,,,,,1,,,,,,,,,,,,,
HARINA ECO BLANCA ESPELTA 5Kg,"15,80€",0,,,,,,,,,,,,,,,,,,,,,,,,,,,,,,,,,,,,,,,,,,,,,,,,
HARINA ECO INTEGRAL TRIGO ARAGON 1Kg,"1,73€",1,,,,,,,,,,,,,,,,,1,,,,,,,,,,,,,,,,,,,,,,,,,,,,,,,
HARINA ECO INTEGRAL TRIGO ARAGON 5Kg,"6,85€",2,,,,,,,,,,,,,,,,,,,,,,,,,,,,,,,,,,,,,,,,,2,,,,,,,
HARINA ECO BLANCA TRIGO ARAGON 1Kg,"1,83€",7,,,,2,,,,,,,,,,,,,,,,,,,,,,,,,,,,,,,2,,,,,3,,,,,,,,
HARINA ECO BLANCA TRIGO ARAGON 5Kg,"7,85€",2,,,,,,,,,2,,,,,,,,,,,,,,,,,,,,,,,,,,,,,,,,,,,,,,,
HARINA ECO INTEGRAL CENTENO 1Kg,"1,81€",0,,,,,,,,,,,,,,,,,,,,,,,,,,,,,,,,,,,,,,,,,,,,,,,,
HARINA ECO INTEGRAL CENTENO 5Kg,"6,85€",0,,,,,,,,,,,,,,,,,,,,,,,,,,,,,,,,,,,,,,,,,,,,,,,,
HARINA ECO BLANCA CENTENO 1Kg,"2,00€",0,,,,,,,,,,,,,,,,,,,,,,,,,,,,,,,,,,,,,,,,,,,,,,,,
HARINA ECO BLANCA CENTENO 5Kg,"7,90€",0,,,,,,,,,,,,,,,,,,,,,,,,,,,,,,,,,,,,,,,,,,,,,,,,
,,"325,56 €","0,00 €","0,00 €","6,82 €","20,79 €","21,98 €","0,00 €","0,00 €","16,40 €","94,43 €","20,54 €","3,33 €","0,00 €","0,00 €","0,00 €","0,00 €","0,00 €","33,09 €","0,00 €","0,00 €","0,00 €","41,83 €","0,00 €","0,00 €","0,00 €","0,00 €","0,00 €","0,00 €","3,33 €","0,00 €","0,00 €","0,00 €","0,00 €","0,00 €","0,00 €","7,13 €","26,23 €","0,00 €","0,00 €","0,00 €","15,96 €","13,70 €","0,00 €","0,00 €","0,00 €","0,00 €","0,00 €","0,00 €","0,00 €"
,,,,,,,,,,,,,,,,,,,,,,,,,,,,,,,,,,,,,,,,,,,,,,,,,,
CIERRE PEDIDO:,15/06/2025 22:00,,  PEDIDO CERRADO,,,,FECHA de ENTREGA:,por determinar,,,,,,,,,,,enviado al productor:,Sí,,,,,,,,,,,,,,,,,,,,,,,,,,,,,,
piden 7 familias,,,1,2,3,4,5,6,7,8,9,10,11,12,13,14,15,16,17,18,19,20,21,22,23,24,25,26,27,28,29,30,31,32,33,34,35,36,37,38,39,40,41,42,43,44,45,46,47,48
introducido en cuentas en fila: 4438,€/ud.,TOTAL unidades,Álvaro - Irene,Elizabeth - Imanol,Cristina - Ramón,Aitor - Leyre,Monika - Puska,Montse,David - Ana,Lentejo - Amaia,Andoni - Amaia,Carmen - Oskar,Gurutzi - Endika,Sergio - Arantza,Diana - Ciro,Esther - Dani,Mónica - Eduardo,Idoia - Jorge,Beatriz - Juan,Prem - Jairo,Juan Segovia,Alberto - Cristina,Isabel - Josu,Silvia - Iván,,Jorge - Laura,Vanesa - Gaizka,Ioseba - Aurora,Helena - Eneko,Idoia Tirapu,Alicia - Ion,,Silvia Sanz,Guillermo Bea,Amaia - Rafa,María - Jesús,Alfredo - Ana,Marga,,Nerea - Gonzalo,Olaia - Josu,Christian - Paula,Silvia - Mikel,,,,,,,
ARROZ ECO INTEGRAL SEMILARGO 1Kg,"3,49€",6,,,,,,,,,,,,,,,,,6,,,,,,,,,,,,,,,,,,,,,,,,,,,,,,,
ARROZ ECO INTEGRAL SEMILARGO 5Kg,"17,25€",0,,,,,,,,,,,,,,,,,,,,,,,,,,,,,,,,,,,,,,,,,,,,,,,,
ARROZ ECO SEMI-INTEGRAL SEMILARGO 1 Kg,"3,61€",1,,,1,,,,,,,,,,,,,,,,,,,,,,,,,,,,,,,,,,,,,,,,,,,,,
ARROZ ECO SEMI-INTEGRAL SEMILARGO 5 Kg,"17,75€",1,,,,,,,,,,,,,,,,,,,,,,,,,1,,,,,,,,,,,,,,,,,,,,,,,
ARROZ ECO SEMILARGO (BLANCO) 1Kg,"3,66€",1,,,1,,,,,,,,,,,,,,,,,,,,,,,,,,,,,,,,,,,,,,,,,,,,,
ARROZ ECO SEMILARGO (BLANCO) 5Kg,"18,05€",0,,,,,,,,,,,,,,,,,,,,,,,,,,,,,,,,,,,,,,,,,,,,,,,,
ARROZ ECO INTEGRAL REDONDO 1Kg,"3,49€",3,,,,,,,,,,,,,,,,,1,,,,,,,,,,,,,,,,,,,,,,,2,,,,,,,,
ARROZ ECO INTEGRAL REDONDO 5Kg,"17,25€",0,,,,,,,,,,,,,,,,,,,,,,,,,,,,,,,,,,,,,,,,,,,,,,,,
ARROZ ECO SEMI INTEGRAL REDONDO 1 Kg,"3,61€",0,,,,,,,,,,,,,,,,,,,,,,,,,,,,,,,,,,,,,,,,,,,,,,,,
ARROZ ECO SEMI INTEGRAL REDONDO 5 Kg,"17,75€",1,,,,,,,,,1,,,,,,,,,,,,,,,,,,,,,,,,,,,,,,,,,,,,,,,
ARROZ ECO REDONDO (BLANCO) 1 Kg,"3,66€",3,,,,,,,,,,,,,,,,,,,,,,,,,,,,,,,,,,,3,,,,,,,,,,,,,
ARROZ ECO REDONDO (BLANCO) 5 Kg,"18,05€",0,,,,,,,,,,,,,,,,,,,,,,,,,,,,,,,,,,,,,,,,,,,,,,,,
ARROZ ECO (ROJO) 1 Kg,"4,72€",0,,,,,,,,,,,,,,,,,,,,,,,,,,,,,,,,,,,,,,,,,,,,,,,,
ARROZ LIDO 1 kg,,0,,,,,,,,,,,,,,,,,,,,,,,,,,,,,,,,,,,,,,,,,,,,,,,,
ARROZ LIDO 5 kg,,0,,,,,,,,,,,,,,,,,,,,,,,,,,,,,,,,,,,,,,,,,,,,,,,,
ARROZ MARISMA 1 kg,,0,,,,,,,,,,,,,,,,,,,,,,,,,,,,,,,,,,,,,,,,,,,,,,,,
ARROZ MARISMA 5 kg,,0,,,,,,,,,,,,,,,,,,,,,,,,,,,,,,,,,,,,,,,,,,,,,,,,
ARROZ BOMBA (PAELLAS) 1 kg,,0,,,,,,,,,,,,,,,,,,,,,,,,,,,,,,,,,,,,,,,,,,,,,,,,
ARROZ BOMBA (PAELLAS) 5 kg,,0,,,,,,,,,,,,,,,,,,,,,,,,,,,,,,,,,,,,,,,,,,,,,,,,
ARROZ CARNAROLI (RISOTTO) 1 kg,,0,,,,,,,,,,,,,,,,,,,,,,,,,,,,,,,,,,,,,,,,,,,,,,,,
ARROZ CARNAROLI (RISOTTO) 5 kg,,0,,,,,,,,,,,,,,,,,,,,,,,,,,,,,,,,,,,,,,,,,,,,,,,,
ARROZ NUOVO MARATELLI (CALDOSOS) 1 kg,,0,,,,,,,,,,,,,,,,,,,,,,,,,,,,,,,,,,,,,,,,,,,,,,,,
ARROZ NUOVO MARATELLI (CALDOSOS) 5 kg,,0,,,,,,,,,,,,,,,,,,,,,,,,,,,,,,,,,,,,,,,,,,,,,,,,
,,0,,,,,,,,,,,,,,,,,,,,,,,,,,,,,,,,,,,,,,,,,,,,,,,,
LENTEJA ECO PARDINA 1Kg,"4,28€",2,,,,,,,,,,,,,,,,,2,,,,,,,,,,,,,,,,,,,,,,,,,,,,,,,
LENTEJA ECO PARDINA 5Kg,"20,60€",2,,,,,,,,,1,,,,,,,,,,,,,,,,1,,,,,,,,,,,,,,,,,,,,,,,
GARBANZO ECO PREDROSILLANO 1 Kg,"4,09€",2,,,,,,,,,,,,,,,,,2,,,,,,,,,,,,,,,,,,,,,,,,,,,,,,,
GARBANZO ECO PREDROSILLANO 5 Kg,"19,60€",0,,,,,,,,,,,,,,,,,,,,,,,,,,,,,,,,,,,,,,,,,,,,,,,,
,,,,,,,,,,,,,,,,,,,,,,,,,,,,,,,,,,,,,,,,,,,,,,,,,,
SALVADO ECO DE ARROZ 1/2Kg,"2,39€",0,,,,,,,,,,,,,,,,,,,,,,,,,,,,,,,,,,,,,,,,,,,,,,,,
SALVADO ECO DE ARROZ 3Kg,"13,74€",0,,,,,,,,,,,,,,,,,,,,,,,,,,,,,,,,,,,,,,,,,,,,,,,,
,,,,,,,,,,,,,,,,,,,,,,,,,,,,,,,,,,,,,,,,,,,,,,,,,,
TRIGO ECO ARAGON-03  1Kg (EN GRANO),"1,37€",0,,,,,,,,,,,,,,,,,,,,,,,,,,,,,,,,,,,,,,,,,,,,,,,,
TRIGO ECO ARAGON-03  5Kg (EN GRANO),"6,65€",0,,,,,,,,,,,,,,,,,,,,,,,,,,,,,,,,,,,,,,,,,,,,,,,,
TRIGO ECO ESPELTA 1 Kg (EN GRANO),"2,12€",0,,,,,,,,,,,,,,,,,,,,,,,,,,,,,,,,,,,,,,,,,,,,,,,,
TRIGO ECO ESPELTA 5 Kg (EN GRANO),"10,05€",0,,,,,,,,,,,,,,,,,,,,,,,,,,,,,,,,,,,,,,,,,,,,,,,,
CENTENO ECO GIGANTON 1Kg,"1,49€",0,,,,,,,,,,,,,,,,,,,,,,,,,,,,,,,,,,,,,,,,,,,,,,,,
CENTENO ECO GIGANTON 5Kg,"7,20€",0,,,,,,,,,,,,,,,,,,,,,,,,,,,,,,,,,,,,,,,,,,,,,,,,
AVENA ECO IVORY 1 Kg (EN GRANO),"1,92€",4,,,,,,,,,,,,,,,,,,,,,,,,,,,,,,,2,,,,,,,,,2,,,,,,,,
AVENA ECO IVORY 5 Kg (EN GRANO),"9,10€",0,,,,,,,,,,,,,,,,,,,,,,,,,,,,,,,,,,,,,,,,,,,,,,,,
,,,,,,,,,,,,,,,,,,,,,,,,,,,,,,,,,,,,,,,,,,,,,,,,,,
HARINA ECO INTEGRAL ESPELTA 1 Kg,"3,07€",2,,,,,,,,,,,,,,,,,2,,,,,,,,,,,,,,,,,,,,,,,,,,,,,,,
HARINA ECO INTEGRAL ESPELTA 5 Kg,"13,80€",1,,,,,,,,,,,,,,,,,,,,,,,,,1,,,,,,,,,,,,,,,,,,,,,,,
HARINA ECO BLANCA ESPELTA 1Kg,"3,54€",0,,,,,,,,,,,,,,,,,,,,,,,,,,,,,,,,,,,,,,,,,,,,,,,,
HARINA ECO BLANCA ESPELTA 5Kg,"16,10€",0,,,,,,,,,,,,,,,,,,,,,,,,,,,,,,,,,,,,,,,,,,,,,,,,
HARINA ECO INTEGRAL TRIGO ARAGON 1Kg,"1,77€",2,,,,,,,,,,,,,,,,,2,,,,,,,,,,,,,,,,,,,,,,,,,,,,,,,
HARINA ECO INTEGRAL TRIGO ARAGON 5Kg,"6,95€",0,,,,,,,,,,,,,,,,,,,,,,,,,,,,,,,,,,,,,,,,,,,,,,,,
HARINA ECO BLANCA TRIGO ARAGON 1Kg,"1,86€",7,,,,,,,,,,,,,,,,,,,,,,,,,2,,,,,,,,,,2,,,,,3,,,,,,,,
HARINA ECO BLANCA TRIGO ARAGON 5Kg,"8,00€",1,,,,,,,,,1,,,,,,,,,,,,,,,,,,,,,,,,,,,,,,,,,,,,,,,
HARINA ECO INTEGRAL CENTENO 1Kg,"1,84€",1,,,,,,,,,,,,,,,,,,,,,,,,,,,,,,,,,,,1,,,,,,,,,,,,,
HARINA ECO INTEGRAL CENTENO 5Kg,"7,40€",1,,,,,,,,,,,,,,,,,,,,,,,,,1,,,,,,,,,,,,,,,,,,,,,,,
HARINA ECO BLANCA CENTENO 1Kg,"2,04€",0,,,,,,,,,,,,,,,,,,,,,,,,,,,,,,,,,,,,,,,,,,,,,,,,
HARINA ECO BLANCA CENTENO 5Kg,"8,15€",0,,,,,,,,,,,,,,,,,,,,,,,,,,,,,,,,,,,,,,,,,,,,,,,,
,,"204,52 €","0,00 €","0,00 €","7,27 €","0,00 €","0,00 €","0,00 €","0,00 €","0,00 €","46,35 €","0,00 €","0,00 €","0,00 €","0,00 €","0,00 €","0,00 €","0,00 €","50,85 €","0,00 €","0,00 €","0,00 €","0,00 €","0,00 €","0,00 €","0,00 €","63,27 €","0,00 €","0,00 €","0,00 €","0,00 €","0,00 €","3,84 €","0,00 €","0,00 €","0,00 €","16,54 €","0,00 €","0,00 €","0,00 €","0,00 €","16,40 €","0,00 €","0,00 €","0,00 €","0,00 €","0,00 €","0,00 €","0,00 €","0,00 €"
,,,,,,,,,,,,,,,,,,,,,,,,,,,,,,,,,,,,,,,,,,,,,,,,,,
CIERRE PEDIDO:,14/01/2026 22:00,,  PEDIDO CERRADO,,,,FECHA de ENTREGA:,por determinar,,,,,,,,,,,enviado al productor:,Sí,,,,,,,,,,,,,,,,,,,,,,,,,,,,,,
piden 13 familias,,,1,2,3,4,5,6,7,8,9,10,11,12,13,14,15,16,17,18,19,20,21,22,23,24,25,26,27,28,29,30,31,32,33,34,35,36,37,38,39,40,41,42,43,44,45,46,47,48
introducido en cuentas en fila: 4659,€/ud.,TOTAL unidades,Álvaro - Irene,Elizabeth - Imanol,Cristina - Ramón,Aitor - Leyre,Monika - Puska,Montse,David - Ana,Lentejo - Amaia,Andoni - Amaia,Carmen - Oskar,Gurutzi - Endika,Sergio - Arantza,Diana - Ciro,Esther - Dani,Mónica - Eduardo,Idoia - Jorge,Beatriz - Juan,Prem - Jairo,Juan Segovia,Alberto - Cristina,Isabel - Josu,Silvia - Iván,,Jorge - Laura,Vanesa - Gaizka,Ioseba - Aurora,Helena - Eneko,Idoia Tirapu,Alicia - Ion,,Silvia Sanz,Guillermo Bea,Amaia - Rafa,María - Jesús,Alfredo - Ana,Marga,,Nerea - Gonzalo,Olaia - Josu,Christian - Paula,Silvia - Mikel,,,,,,,
ARROZ ECO INTEGRAL SEMILARGO 1Kg,"3,67€",15,,,2,2,,,,,,,,,,,,,5,,,,,,,,,,,3,3,,,,,,,,,,,,,,,,,,,
ARROZ ECO INTEGRAL SEMILARGO 5Kg,"18,15€",0,,,,,,,,,,,,,,,,,,,,,,,,,,,,,,,,,,,,,,,,,,,,,,,,
ARROZ ECO SEMI-INTEGRAL SEMILARGO 1 Kg,"3,79€",0,,,,,,,,,,,,,,,,,,,,,,,,,,,,,,,,,,,,,,,,,,,,,,,,
ARROZ ECO SEMI-INTEGRAL SEMILARGO 5 Kg,"18,60€",0,,,,,,,,,,,,,,,,,,,,,,,,,,,,,,,,,,,,,,,,,,,,,,,,
ARROZ ECO SEMILARGO (BLANCO) 1Kg,"3,85€",5,,,,3,,,,,,,,,,,,,1,,,,,,,,,,,,,,,,,,1,,,,,,,,,,,,,
ARROZ ECO SEMILARGO (BLANCO) 5Kg,"18,95€",0,,,,,,,,,,,,,,,,,,,,,,,,,,,,,,,,,,,,,,,,,,,,,,,,
ARROZ ECO INTEGRAL REDONDO 1Kg,"3,67€",3,,,,,,,,,,,,,,,,,,,,,,,,,,,,,2,,,,,,,,,1,,,,,,,,,,
ARROZ ECO INTEGRAL REDONDO 5Kg,"18,15€",1,,,,,,,,1,,,,,,,,,,,,,,,,,,,,,,,,,,,,,,,,,,,,,,,,
ARROZ ECO SEMI INTEGRAL REDONDO 1 Kg,"3,79€",1,,,,,,,,,,,,,,,,,,,,,,,,,,,,,,,,,,,,,,1,,,,,,,,,,
ARROZ ECO SEMI INTEGRAL REDONDO 5 Kg,"18,60€",1,,,,,,,,,,1,,,,,,,,,,,,,,,,,,,,,,,,,,,,,,,,,,,,,,
ARROZ ECO REDONDO (BLANCO) 1 Kg,"3,85€",5,,,,,,,,,,,,,,,,,2,,,,,,,,,,,,,,,,,,3,,,,,,,,,,,,,
ARROZ ECO REDONDO (BLANCO) 5 Kg,"18,95€",1,,,,,,,,,,1,,,,,,,,,,,,,,,,,,,,,,,,,,,,,,,,,,,,,,
ARROZ ECO ROJO 1 Kg,"4,96€",3,,,,,,,,,,1,,,,,,,,,,,,,,,,,,1,,,,,,,,,,1,,,,,,,,,,
,,0,,,,,,,,,,,,,,,,,,,,,,,,,,,,,,,,,,,,,,,,,,,,,,,,
,,0,,,,,,,,,,,,,,,,,,,,,,,,,,,,,,,,,,,,,,,,,,,,,,,,
,,0,,,,,,,,,,,,,,,,,,,,,,,,,,,,,,,,,,,,,,,,,,,,,,,,
,,0,,,,,,,,,,,,,,,,,,,,,,,,,,,,,,,,,,,,,,,,,,,,,,,,
,,0,,,,,,,,,,,,,,,,,,,,,,,,,,,,,,,,,,,,,,,,,,,,,,,,
,,0,,,,,,,,,,,,,,,,,,,,,,,,,,,,,,,,,,,,,,,,,,,,,,,,
HARINA ECO BLANCA TRIGO BRETON 1Kg,"1,95€",2,,,,,,,,,,,,,,,,,,1,,,,,,,,1,,,,,,,,,,,,,,,,,,,,,,
HARINA ECO INTEGRAL TRIGO BRETON 1Kg,"1,90€",5,,,,,,,,,,,,,,,,,,1,,,,,,,,2,,,,,,,,,,,,2,,,,,,,,,,
HARINA ECO INTEGRAL TRIGO KHORASAN 1 Kg,"3,50€",4,,,,,,,,,,,,,,,,,,1,,,,,,,,3,,,,,,,,,,,,,,,,,,,,,,
HARINA ECO INTEGRAL TRIGO BRETÓN 5 Kg,"7,30€",1,,,,,,,,,,,,,,,,,,,,,,,,,,,,,,,,,,,,,,,,,1,,,,,,,
,,0,,,,,,,,,,,,,,,,,,,,,,,,,,,,,,,,,,,,,,,,,,,,,,,,
LENTEJA ECO PARDINA 1Kg,"4,50€",4,,,,,,,,,,,1,,,,,,,,,,,,,,,,,3,,,,,,,,,,,,,,,,,,,,
LENTEJA ECO PARDINA 5Kg,"21,65€",0,,,,,,,,,,,,,,,,,,,,,,,,,,,,,,,,,,,,,,,,,,,,,,,,
GARBANZO ECO PREDROSILLANO 1 Kg,"4,30€",0,,,,,,,,,,,,,,,,,,,,,,,,,,,,,,,,,,,,,,,,,,,,,,,,
GARBANZO ECO PREDROSILLANO 5 Kg,"20,60€",0,,,,,,,,,,,,,,,,,,,,,,,,,,,,,,,,,,,,,,,,,,,,,,,,
,,,,,,,,,,,,,,,,,,,,,,,,,,,,,,,,,,,,,,,,,,,,,,,,,,
SALVADO ECO DE ARROZ 1/2Kg,"2,39€",0,,,,,,,,,,,,,,,,,,,,,,,,,,,,,,,,,,,,,,,,,,,,,,,,
SALVADO ECO DE ARROZ 3Kg,"13,74€",0,,,,,,,,,,,,,,,,,,,,,,,,,,,,,,,,,,,,,,,,,,,,,,,,
,,,,,,,,,,,,,,,,,,,,,,,,,,,,,,,,,,,,,,,,,,,,,,,,,,
TRIGO ECO ARAGON-03  1Kg (EN GRANO),"1,37€",0,,,,,,,,,,,,,,,,,,,,,,,,,,,,,,,,,,,,,,,,,,,,,,,,
TRIGO ECO ARAGON-03  5Kg (EN GRANO),"6,65€",0,,,,,,,,,,,,,,,,,,,,,,,,,,,,,,,,,,,,,,,,,,,,,,,,
TRIGO ECO ESPELTA 1 Kg (EN GRANO),"2,12€",0,,,,,,,,,,,,,,,,,,,,,,,,,,,,,,,,,,,,,,,,,,,,,,,,
TRIGO ECO ESPELTA 5 Kg (EN GRANO),"10,05€",0,,,,,,,,,,,,,,,,,,,,,,,,,,,,,,,,,,,,,,,,,,,,,,,,
CENTENO ECO GIGANTON 1Kg,"1,49€",0,,,,,,,,,,,,,,,,,,,,,,,,,,,,,,,,,,,,,,,,,,,,,,,,
CENTENO ECO GIGANTON 5Kg,"7,20€",0,,,,,,,,,,,,,,,,,,,,,,,,,,,,,,,,,,,,,,,,,,,,,,,,
AVENA ECO IVORY 1 Kg (EN GRANO),"1,92€",0,,,,,,,,,,,,,,,,,,,,,,,,,,,,,,,,,,,,,,,,,,,,,,,,
AVENA ECO IVORY 5 Kg (EN GRANO),"9,10€",0,,,,,,,,,,,,,,,,,,,,,,,,,,,,,,,,,,,,,,,,,,,,,,,,
,,,,,,,,,,,,,,,,,,,,,,,,,,,,,,,,,,,,,,,,,,,,,,,,,,
HARINA ECO INTEGRAL ESPELTA 1 Kg,"3,10€",4,,,,,,,,,,2,,,,,,,,,,,,,,,,,,,,,,,,,,,,2,,,,,,,,,,
HARINA ECO INTEGRAL ESPELTA 5 Kg,"13,80€",1,,,,,,,,,,,,,,,,,1,,,,,,,,,,,,,,,,,,,,,,,,,,,,,,,
HARINA ECO BLANCA ESPELTA 1Kg,"3,60€",0,,,,,,,,,,,,,,,,,,,,,,,,,,,,,,,,,,,,,,,,,,,,,,,,
HARINA ECO BLANCA ESPELTA 5Kg,"16,10€",0,,,,,,,,,,,,,,,,,,,,,,,,,,,,,,,,,,,,,,,,,,,,,,,,
HARINA ECO INTEGRAL TRIGO ARAGON 1Kg,"1,80€",2,,,,,,,,,,,,,,,,,,,,,,,,,,,,,,,,,,,,,,2,,,,,,,,,,
HARINA ECO INTEGRAL TRIGO ARAGON 5Kg,"7,00€",2,,,,,,,,,,,,,,,,,1,,,,,,,,,,,,,,,,,,,,,,,,1,,,,,,,
HARINA ECO BLANCA TRIGO ARAGON 1Kg,"1,90€",6,,,,,,,,,,,,,,,,,,,,,,,,,,,,,,,,,,,4,,,2,,,,,,,,,,
HARINA ECO BLANCA TRIGO ARAGON 5Kg,"8,00€",1,,,,,,,,,,,,,,,,,1,,,,,,,,,,,,,,,,,,,,,,,,,,,,,,,
HARINA ECO INTEGRAL CENTENO 1Kg,"1,85€",0,,,,,,,,,,,,,,,,,,,,,,,,,,,,,,,,,,,,,,,,,,,,,,,,
HARINA ECO INTEGRAL CENTENO 5Kg,"7,40€",0,,,,,,,,,,,,,,,,,,,,,,,,,,,,,,,,,,,,,,,,,,,,,,,,
HARINA ECO BLANCA CENTENO 1Kg,"2,05€",0,,,,,,,,,,,,,,,,,,,,,,,,,,,,,,,,,,,,,,,,,,,,,,,,
HARINA ECO BLANCA CENTENO 5Kg,"8,15€",0,,,,,,,,,,,,,,,,,,,,,,,,,,,,,,,,,,,,,,,,,,,,,,,,
,,"294,83 €","0,00 €","0,00 €","7,34 €","18,89 €","0,00 €","0,00 €","0,00 €","18,15 €","0,00 €","48,71 €","4,50 €","0,00 €","0,00 €","0,00 €","0,00 €","0,00 €","58,70 €","7,35 €","0,00 €","0,00 €","0,00 €","0,00 €","0,00 €","0,00 €","0,00 €","16,25 €","0,00 €","29,47 €","18,35 €","0,00 €","0,00 €","0,00 €","0,00 €","0,00 €","23,00 €","0,00 €","0,00 €","29,82 €","0,00 €","0,00 €","14,30 €","0,00 €","0,00 €","0,00 €","0,00 €","0,00 €","0,00 €","0,00 €"
